,flu,cough,fever,headache,lagnat,rashes,sipon,ubo,ecq,face-shield,Frontliners,masks,Quarantine,social-distancing,work-from-home
flu,-5.551115123125783e-15,0.35179781978515734,0.548958441632161,0.4107953856407219,0,0,0,0,0,0.25108186285951845,0.44861974132513593,0,0.23300776378834379,0.3541188345819168,0.2891774769108028
cough,0.35179781978516406,-1.3322676295501878e-15,0.4862293111954282,0.3106512498326697,0,0,0,0,0,0.2607642382004263,0.4194733566474839,0,0.2527564447580684,0.3694650498024084,0.21663478569804578
fever,0.5489584416321308,0.486229311195349,9.547918011776346e-15,0.2843678020498121,0,0,0,0,0,0.242916411625565,0.5748440261980197,0,0.23439600439424663,0.41680328667348526,0.33692366245548305
headache,0.41079538564077633,0.3106512498326135,0.2843678020498406,-4.107825191113079e-15,0,0,0,0,0,0.34663384730782837,0.3163781952424242,0,0.35921715019827744,0.177091889861011,0.4661833994804965
lagnat,0.0,0.0,0.0,0.0,-1,0,0,0,0,0.0,0.0,0,0.0,0.0,0.0
rashes,0.0,0.0,0.0,0.0,0,-1,0,0,0,0.0,0.0,0,0.0,0.0,0.0
sipon,0.0,0.0,0.0,0.0,0,0,-1,0,0,0.0,0.0,0,0.0,0.0,0.0
ubo,0.0,0.0,0.0,0.0,0,0,0,-1,0,0.0,0.0,0,0.0,0.0,0.0
ecq,0.0,0.0,0.0,0.0,0,0,0,0,-1,0.0,0.0,0,0.0,0.0,0.0
face-shield,0.2510818628595191,0.26076423820039485,0.24291641162560348,0.3466338473078155,0,0,0,0,0,8.881784197001252e-16,0.21150211737837557,0,0.2560702975351249,0.2063409543476962,0.21849301038758032
Frontliners,0.4486197413251317,0.41947335664748286,0.5748440261980247,0.3163781952423908,0,0,0,0,0,0.2115021173783665,2.220446049250313e-16,0,0.25245643605216206,0.35260266262155787,0.16904723765033225
masks,0.0,0.0,0.0,0.0,0,0,0,0,0,0.0,0.0,-1,0.0,0.0,0.0
Quarantine,0.23300776378831148,0.2527564447580414,0.23439600439431668,0.35921715019827133,0,0,0,0,0,0.25607029753513655,0.25245643605216955,0,-3.1086244689504383e-15,0.22587628766069084,0.2895559265638087
social-distancing,0.35411883458191556,0.3694650498024073,0.41680328667349,0.17709188986099358,0,0,0,0,0,0.20634095434769978,0.3526026626215591,0,0.22587628766069687,-4.440892098500626e-16,0.29869229831798494
work-from-home,0.28917747691077866,0.21663478569804426,0.3369236624554761,0.4661833994804692,0,0,0,0,0,0.2184930103875781,0.16904723765033725,0,0.28955592656382334,0.29869229831798494,-3.1086244689504383e-15
