,flu,cough,fever,headache,lagnat,rashes,sipon,ubo,ecq,face-shield,Frontliners,masks,Quarantine,social-distancing,work-from-home
flu,0.0,0.3978177216906625,0.3030795515909576,0.2530905571374837,0,0,0,0,0,0.5328588687264453,0.30969433362513804,0,0.25902003086976705,0.36180496351489116,0.32094966052253315
cough,0.39781772169068597,-4.440892098500626e-16,0.2836947387092779,0.28639396342760026,0,0,0,0,0,0.27801099612645497,0.24377103603274908,0,0.2074096600356242,0.17114054953922367,0.296014055888869
fever,0.3030795515909558,0.28369473870931294,2.6645352591003757e-15,0.27664693821476816,0,0,0,0,0,0.2420832744577834,0.4749233101349837,0,0.36232785866254147,0.4917975301723229,0.3172805997527015
headache,0.2530905571375347,0.2863939634275948,0.2766469382149543,3.1530333899354446e-14,0,0,0,0,0,0.32281017494809255,0.28177955839450264,0,0.24134683509774166,0.2617630521872505,0.3365354844467879
lagnat,0.0,0.0,0.0,0.0,-1,0,0,0,0,0.0,0.0,0,0.0,0.0,0.0
rashes,0.0,0.0,0.0,0.0,0,-1,0,0,0,0.0,0.0,0,0.0,0.0,0.0
sipon,0.0,0.0,0.0,0.0,0,0,-1,0,0,0.0,0.0,0,0.0,0.0,0.0
ubo,0.0,0.0,0.0,0.0,0,0,0,-1,0,0.0,0.0,0,0.0,0.0,0.0
ecq,0.0,0.0,0.0,0.0,0,0,0,0,-1,0.0,0.0,0,0.0,0.0,0.0
face-shield,0.532858868726452,0.2780109961264471,0.2420832744578217,0.32281017494811254,0,0,0,0,0,8.881784197001252e-16,0.2998866686538674,0,0.5921540919319246,0.27133129473908574,0.3501389100168825
Frontliners,0.309694333625132,0.2437710360327272,0.47492331013497663,0.2817795583944914,0,0,0,0,0,0.29988666865385616,2.220446049250313e-16,0,0.2835613733088951,0.4160718161548358,0.2555581029314113
masks,0.0,0.0,0.0,0.0,0,0,0,0,0,0.0,0.0,-1,0.0,0.0,0.0
Quarantine,0.259020030869735,0.20740966003561262,0.36232785866254896,0.24134683509768867,0,0,0,0,0,0.592154091931927,0.28356137330889664,0,0.0,0.21742449752334828,0.295125970425658
social-distancing,0.36180496351489,0.17114054953921906,0.49179753017232086,0.2617630521872576,0,0,0,0,0,0.27133129473908413,0.41607181615483735,0,0.21742449752334742,-2.220446049250313e-16,0.2296701528807741
work-from-home,0.32094966052252544,0.29601405588891316,0.3172805997527238,0.33653548444681625,0,0,0,0,0,0.3501389100168791,0.25555810293141584,0,0.29512597042566974,0.22967015288077464,0.0
