,flu,cough,fever,headache,lagnat,rashes,sipon,ubo,ecq,face-shield,Frontliners,masks,Quarantine,social-distancing,work-from-home
flu,-1.4432899320127035e-15,0.262682268299604,0.2621262290484744,0.2802512992295524,0,0,0,0,0,0.5227273537222014,0.29332293718875596,0,0.24864008399024012,0,0.2952733977506273
cough,0.26268226829960917,1.709743457922741e-14,0.360139149866837,0.2757893081828966,0,0,0,0,0,0.2701817876470884,0.35532922667792766,0,0.2780883940724475,0,0.2764534454869452
fever,0.2621262290485795,0.36013914986697415,2.4424906541753444e-15,0.27069080157110426,0,0,0,0,0,0.36538503836610065,0.5230770154205643,0,0.41756310776155914,0,0.2609311010487149
headache,0.2802512992295677,0.27578930818278274,0.2706908015710474,-8.881784197001252e-15,0,0,0,0,0,0.3255034613516324,0.25434176340457504,0,0.2354381378630899,0,0.34010698571268233
lagnat,0.0,0.0,0.0,0.0,-1,0,0,0,0,0.0,0.0,0,0.0,0,0.0
rashes,0.0,0.0,0.0,0.0,0,-1,0,0,0,0.0,0.0,0,0.0,0,0.0
sipon,0.0,0.0,0.0,0.0,0,0,-1,0,0,0.0,0.0,0,0.0,0,0.0
ubo,0.0,0.0,0.0,0.0,0,0,0,-1,0,0.0,0.0,0,0.0,0,0.0
ecq,0.0,0.0,0.0,0.0,0,0,0,0,-1,0.0,0.0,0,0.0,0,0.0
face-shield,0.5227273537222106,0.2701817876470604,0.36538503836608305,0.3255034613516674,0,0,0,0,0,-1.1102230246251565e-15,0.22570249394984265,0,0.4634256851371407,0,0.4372580504283099
Frontliners,0.29332293718875596,0.3553292266779271,0.5230770154205578,0.25434176340456705,0,0,0,0,0,0.22570249394983882,0.0,0,0.26141510449412825,0,0.26325246505853556
masks,0.0,0.0,0.0,0.0,0,0,0,0,0,0.0,0.0,-1,0.0,0,0.0
Quarantine,0.2486400839902411,0.2780883940724974,0.41756310776155303,0.23543813786308318,0,0,0,0,0,0.46342568513714755,0.2614151044941231,0,-4.551914400963142e-15,0,0.43414300267529743
social-distancing,0.0,0.0,0.0,0.0,0,0,0,0,0,0.0,0.0,0,0.0,-1,0.0
work-from-home,0.295273397750612,0.2764534454870334,0.26093110104870143,0.34010698571276987,0,0,0,0,0,0.437258050428308,0.26325246505854216,0,0.4341430026752922,0,2.6645352591003757e-15
