,flu,cough,fever,headache,lagnat,rashes,sipon,ubo,ecq,face-shield,Frontliners,masks,Quarantine,social-distancing,work-from-home
flu,1.0,0.27998435197783983,0.242777376124398,0.30811946034283083,,0.27351318341517944,,,0.4416922057699296,,,0.3540303017795876,0.4402535963220786,0.29774075853841314,0.2710968281549065
cough,0.2799843519778077,1.0,0.3175939215467847,0.3204269615560984,,0.24568332670895995,,,0.3195797421922489,,,0.29064359776903886,0.283444390184876,0.26829235601070134,0.27010771201421774
fever,0.2427773761243674,0.31759392154678656,1.0,0.2258718861924638,,0.5873045145127674,,,0.24014853286375523,,,0.4181076010875263,0.2403840801258269,0.27860652501587335,0.2062490974065373
headache,0.3081194603429057,0.32042696155619543,0.2258718861924187,1.0,,0.374601791867643,,,0.2110384008537035,,,0.2851175685951413,0.24263345352145171,0.3542907212973978,0.27103778781620574
lagnat,,,,,1.0,,,,,,,,,,
rashes,0.27351318341524755,0.24568332670905058,0.5873045145128177,0.3746017918676382,,1.0,,,0.21410096224376787,,,0.44772759350680735,0.23187391574477012,0.25434930431806974,0.22708879544389302
sipon,,,,,,,1.0,,,,,,,,
ubo,,,,,,,,1.0,,,,,,,
ecq,0.4416922057699296,0.31957974219225116,0.2401485328637579,0.21103840085368947,,0.21410096224376787,,,1.0,,,0.2358408531490746,0.9540591105728735,0.3479504626969711,0.5691800194809811
face-shield,,,,,,,,,,1.0,,,,,
Frontliners,,,,,,,,,,,1.0,,,,
masks,0.354030301779555,0.29064359776903725,0.4181076010875308,0.28511756859513104,,0.4477275935068323,,,0.23584085314908568,,,1.0,0.25839999355659177,0.26609631884340945,0.27171153433794026
Quarantine,0.4402535963220843,0.283444390184874,0.24038408012582377,0.24263345352144833,,0.23187391574477687,,,0.9540591105728735,,,0.2583999935565857,1.0,0.3843081250318112,0.5567355759741193
social-distancing,0.2977407585383766,0.2682923560107416,0.2786065250158649,0.3542907212973786,,0.2543493043180157,,,0.3479504626969711,,,0.26609631884343227,0.38430812503181055,1.0,0.7071565768641291
work-from-home,0.27109682815487585,0.2701077120142378,0.2062490974065514,0.2710377878161728,,0.22708879544387747,,,0.5691800194809833,,,0.27171153433791095,0.556735575974114,0.7071565768641127,1.0
