,flu,cough,fever,headache,lagnat,rashes,sipon,ubo,ecq,face-shield,Frontliners,masks,Quarantine,social-distancing,work-from-home
flu,1.0,0.23910579671334206,0.2850242620994737,0.34991152365961087,,0.3038189606132757,,,0.47759933751779876,,,0.24103175111436437,0.36006959483896434,0.5377451675570757,0.2516280330237161
cough,0.23910579671334656,1.0,0.39362789826323097,0.305245873212943,,0.23003428063036843,,,0.32949620334050905,,,0.3110229430186025,0.2851372357517388,0.2514250182606733,0.22544319311073663
fever,0.28502426209948784,0.393627898263181,1.0,0.2693278219507793,,0.635476533841404,,,0.23419386155559915,,,0.48038932794635153,0.2881112732204399,0.2873175677307917,0.23381117136730264
headache,0.3499115236596758,0.30524587321305324,0.26932782195067945,1.0,,0.38335154983481007,,,0.2438999228240248,,,0.26304340977129764,0.3470621408195927,0.35146173684954773,0.26667791000977537
lagnat,,,,,1.0,,,,,,,,,,
rashes,0.3038189606133089,0.23003428063039966,0.6354765338413839,0.3833515498347937,,1.0,,,0.2206233425611722,,,0.4589546098714443,0.29798734564550383,0.24287914900598742,0.2323715100350165
sipon,,,,,,,1.0,,,,,,,,
ubo,,,,,,,,1.0,,,,,,,
ecq,0.4775993375177993,0.3294962033405155,0.2341938615555673,0.24389992282401798,,0.22062334256115676,,,1.0,,,0.3560477571947599,0.8565674509217445,0.47097508540123756,0.38243958208515116
face-shield,,,,,,,,,,1.0,,,,,
Frontliners,,,,,,,,,,,1.0,,,,
masks,0.24103175111433395,0.3110229430185765,0.48038932794636596,0.2630434097713551,,0.45895460987145664,,,0.3560477571947599,,,1.0,0.34029300245926075,0.26854789212559954,0.20996436421875594
Quarantine,0.3600695948389747,0.28513723575175387,0.288111273220451,0.347062140819602,,0.2979873456455057,,,0.8565674509217426,,,0.34029300245925653,1.0,0.48450369245823854,0.3750969228326794
social-distancing,0.5377451675570707,0.2514250182607001,0.28731756773075373,0.35146173684954835,,0.24287914900597748,,,0.47097508540123467,,,0.26854789212560437,0.48450369245824276,1.0,0.6260012384369574
work-from-home,0.2516280330237556,0.22544319311078634,0.23381117136735832,0.26667791000978874,,0.23237151003506543,,,0.3824395820851518,,,0.20996436421876782,0.3750969228326729,0.6260012384369417,1.0
