,flu,cough,fever,headache,lagnat,rashes,sipon,ubo,ecq,face-shield,Frontliners,masks,Quarantine,social-distancing,work-from-home
flu,1.0,0.3544602852211134,0.3638525538398376,0.40646008198640227,,0.39225543123585277,,,0.46715379828558734,,0.39259491540229036,0.26370006711141336,0.3482915712779092,,0.3070537233461953
cough,0.3544602852211134,1.0,0.8252825372380174,0.2411589065995896,,0.41947145697878335,,,0.45937613385051584,,0.4913185247937546,0.22880942125469844,0.7190078917892609,,0.28655760912984174
fever,0.3638525538398447,0.8252825372380094,1.0,0.2225958398037861,,0.4575735001596286,,,0.5730657582732495,,0.5045171873708163,0.2557722536346178,0.7479596550084138,,0.2706513749355037
headache,0.40646008198643263,0.2411589065995415,0.22259583980368022,1.0,,0.19022318490491372,,,0.23930617452222494,,0.26339823049047634,0.27426232038547155,0.23991059221666838,,0.2580607567914988
lagnat,,,,,1.0,,,,,,,,,,
rashes,0.3922554312358716,0.41947145697877625,0.4575735001596297,0.19022318490487697,,1.0,,,0.4855207667506828,,0.37139445037532665,0.37964447509052907,0.467850332669913,,0.3787089815223484
sipon,,,,,,,1.0,,,,,,,,
ubo,,,,,,,,1.0,,,,,,,
ecq,0.4671537982855891,0.4593761338505129,0.5730657582732527,0.2393061745222445,,0.48552076675068656,,,1.0,,0.6598628148247375,0.30646353418280675,0.5450540145271147,,0.25996035973408915
face-shield,,,,,,,,,,1.0,,,,,
Frontliners,0.39259491540231023,0.49131852479375326,0.5045171873708159,0.26339823049049793,,0.3713944503753168,,,0.6598628148247372,,1.0,0.29985707906201176,0.5178288980464968,,0.40729339063287573
masks,0.26370006711143296,0.22880942125468803,0.255772253634619,0.27426232038547377,,0.3796444750905506,,,0.3064635341828076,,0.29985707906200143,1.0,0.2443706089249718,,0.49163033443947324
Quarantine,0.3482915712779087,0.7190078917892603,0.7479596550084099,0.2399105922166575,,0.46785033266990955,,,0.5450540145271152,,0.5178288980464996,0.244370608924966,1.0,,0.3875298717466352
social-distancing,,,,,,,,,,,,,,1.0,
work-from-home,0.30705372334621556,0.28655760912984785,0.27065137493554126,0.2580607567914973,,0.3787089815223293,,,0.25996035973409015,,0.40729339063288705,0.491630334439456,0.3875298717466294,,1.0
