,flu,cough,fever,headache,lagnat,rashes,sipon,ubo,ecq,face-shield,Frontliners,masks,Quarantine,social-distancing,work-from-home
flu,1.0,0.4905221724010231,0.6196127600804213,0.2399990229991437,,0.27776915298119226,,,0.26767361857118843,,0.40176546562930093,0.3749615791355562,0.7086762639999472,,0.7614514646745421
cough,0.49052217240102625,1.0,0.8582759542400225,0.28454803775314236,,0.42717673094164577,,,0.48778950518982744,,0.4632253590070159,0.22927366474343003,0.4501744744196983,,0.36125991870380963
fever,0.6196127600804205,0.8582759542400231,1.0,0.26148355214272917,,0.44380638669678557,,,0.5837976565361159,,0.567861168534114,0.293211686536444,0.39806933687788715,,0.5001610596513375
headache,0.2399990229991523,0.2845480377531509,0.26148355214266394,1.0,,0.28943945340027155,,,0.2846630571194972,,0.28688613700516374,0.2512944632288211,0.27415328694659524,,0.4057709268665522
lagnat,,,,,1.0,,,,,,,,,,
rashes,0.27776915298120686,0.4271767309416344,0.44380638669676703,0.28943945340026583,,1.0,,,0.28592946647707523,,0.2789494335139059,0.40315580279569924,0.30134968392011413,,0.344272879304645
sipon,,,,,,,1.0,,,,,,,,
ubo,,,,,,,,1.0,,,,,,,
ecq,0.2676736185711894,0.4877895051898318,0.5837976565361166,0.28466305711948103,,0.2859294664770695,,,1.0,,0.5268469944615125,0.3754844513891744,0.5028680646614627,,0.27019235539728864
face-shield,,,,,,,,,,1.0,,,,,
Frontliners,0.40176546562929966,0.46322535900701267,0.5678611685341008,0.28688613700510995,,0.2789494335138236,,,0.5268469944615092,,1.0,0.43701379790799916,0.37852618334534716,,0.3265215948222732
masks,0.3749615791355589,0.22927366474343563,0.29321168653640567,0.2512944632288308,,0.40315580279569363,,,0.3754844513891752,,0.4370137979080177,1.0,0.2273412303697468,,0.32369918828601035
Quarantine,0.708676263999947,0.4501744744196998,0.39806933687788904,0.2741532869465829,,0.30134968392011496,,,0.5028680646614622,,0.37852618334534666,0.2273412303697426,1.0,,0.6227654672223673
social-distancing,,,,,,,,,,,,,,1.0,
work-from-home,0.7614514646745448,0.3612599187038165,0.5001610596513395,0.40577092686655886,,0.3442728793046401,,,0.2701923553972958,,0.3265215948222871,0.32369918828601174,0.622765467222368,,1.0
