,flu,cough,fever,headache,lagnat,rashes,sipon,ubo,ecq,face-shield,Frontliners,masks,Quarantine,social-distancing,work-from-home
flu,1.0,0.36273591908458114,0.38206824469495815,0.3524857851696083,,0.36886026977137404,,,0.4484683443592205,,0.3572384527545904,0.2775795695794711,0.35308980402427304,,0.3589471513619683
cough,0.3627359190845834,1.0,0.8544587683116418,0.3083128978488972,,0.40101669095473036,,,0.4592749620259054,,0.4905757231765919,0.2166944737546614,0.7369270677320785,,0.2535062073777643
fever,0.3820682446949626,0.8544587683116422,1.0,0.24625605830065253,,0.47177316545894155,,,0.5964868737919412,,0.5354432239203417,0.2381951854404029,0.7947421090095733,,0.2824299636020715
headache,0.35248578516958373,0.30831289784889665,0.24625605830060351,1.0,,0.25325225415492947,,,0.20213736816371985,,0.3189676701822719,0.26688206971617534,0.26081645612851495,,0.25202036436289144
lagnat,,,,,1.0,,,,,,,,,,
rashes,0.36886026977140896,0.4010166909547261,0.47177316545893083,0.25325225415492947,,1.0,,,0.4487393089431353,,0.31981701049092565,0.33877821292722166,0.4023089687080514,,0.45983949494989323
sipon,,,,,,,1.0,,,,,,,,
ubo,,,,,,,,1.0,,,,,,,
ecq,0.4484683443592137,0.45927496202590135,0.5964868737919407,0.20213736816371847,,0.44873930894313163,,,1.0,,0.6296396026048129,0.2666117645962137,0.5188560116671327,,0.31063832653418566
face-shield,,,,,,,,,,1.0,,,,,
Frontliners,0.35723845275459903,0.4905757231765993,0.5354432239203336,0.31896767018232114,,0.3198170104909244,,,0.6296396026048129,,1.0,0.3193286012175615,0.49810410774667147,,0.3418607460997875
masks,0.27757956957947466,0.21669447375465248,0.2381951854403972,0.26688206971613193,,0.33877821292724125,,,0.26661176459622216,,0.31932860121755086,1.0,0.2693286923306671,,0.45076376043141614
Quarantine,0.35308980402426443,0.736927067732077,0.7947421090095707,0.26081645612850163,,0.402308968708043,,,0.5188560116671359,,0.49810410774667063,0.2693286923306645,1.0,,0.3139614847416033
social-distancing,,,,,,,,,,,,,,1.0,
work-from-home,0.3589471513619871,0.253506207377781,0.2824299636020867,0.25202036436293646,,0.45983949494988235,,,0.310638326534189,,0.3418607460997761,0.4507637604314038,0.3139614847415999,,1.0
