,flu,cough,fever,headache,lagnat,rashes,sipon,ubo,ecq,face-shield,Frontliners,masks,Quarantine,social-distancing,work-from-home
flu,1.0,0.29582804582765976,0.34821362785407667,0.326189628395055,,0.27487821371004195,,,0.44837564459955814,,,0.43244575083615794,0.5317786604092927,0.3029584457564437,0.2614729165441515
cough,0.29582804582769806,1.0,0.3227773513594355,0.3134532388570014,,0.2680936464085951,,,0.29411678634216326,,,0.2450077315988416,0.330479359017902,0.28893567366564404,0.3359951467483281
fever,0.34821362785413607,0.32277735135952,1.0,0.3039147808481952,,0.6089365606562301,,,0.3960927753260588,,,0.3506419618226779,0.41190300372727023,0.34087692390016333,0.2825220589872666
headache,0.3261896283950962,0.31345323885706144,0.3039147808481843,1.0,,0.4038821027190459,,,0.27008728781951,,,0.36156173328687513,0.3127399579907019,0.3223000077674437,0.29796442818052327
lagnat,,,,,1.0,,,,,,,,,,
rashes,0.27487821371006,0.2680936464086542,0.6089365606562022,0.40388210271904657,,1.0,,,0.26951581945664516,,,0.38137148687175315,0.2788645091546282,0.2732400367316896,0.24580911378512132
sipon,,,,,,,1.0,,,,,,,,
ubo,,,,,,,,1.0,,,,,,,
ecq,0.448375644599557,0.2941167863421584,0.3960927753260582,0.27008728781949176,,0.26951581945664455,,,1.0,,,0.23788777389550003,0.9013986543363781,0.341149168658307,0.5400224080430516
face-shield,,,,,,,,,,1.0,,,,,
Frontliners,,,,,,,,,,,1.0,,,,
masks,0.4324457508361174,0.24500773159881656,0.35064196182257445,0.3615617332868558,,0.38137148687176226,,,0.23788777389550572,,,1.0,0.27661071716787416,0.3294428618475858,0.34848942515701153
Quarantine,0.5317786604092969,0.33047935901788983,0.41190300372726707,0.31273995799068766,,0.27886450915462985,,,0.9013986543363769,,,0.2766107171678719,1.0,0.4435828945410473,0.5617563389753615
social-distancing,0.30295844575643693,0.28893567366563505,0.34087692390014224,0.3223000077673822,,0.273240036731698,,,0.3411491686582993,,,0.3294428618475701,0.4435828945410429,1.0,0.650062006943557
work-from-home,0.2614729165441291,0.3359951467483139,0.2825220589872439,0.29796442818044366,,0.24580911378512946,,,0.5400224080430532,,,0.3484894251569889,0.5617563389753598,0.6500620069435591,1.0
