,flu,cough,fever,headache,lagnat,rashes,sipon,ubo,ecq,face-shield,Frontliners,masks,Quarantine,social-distancing,work-from-home
flu,1.0,0.5387197535483679,0.22991380577890735,0.22829953016085866,,0.2645326135068791,,,0.3275076208253718,,0.5580126731726246,0.3534342984926705,0.913261512771392,,0.8047173937430808
cough,0.5387197535483711,1.0,0.44597041546358485,0.3156838362222925,,0.35098234856275184,,,0.4994481036223657,,0.5921458034049207,0.3037598077260162,0.5864182829121396,,0.4165579861573681
fever,0.22991380577890802,0.4459704154635932,1.0,0.4538535804158145,,0.31322756085374914,,,0.5915798556434686,,0.3079533910479048,0.3453963310735621,0.3110814424726098,,0.2626398841332231
headache,0.22829953016086585,0.3156838362223061,0.4538535804157774,1.0,,0.2796580294528023,,,0.32403288845209277,,0.2956891350818637,0.2714633516633091,0.2955895236422196,,0.38234349463891176
lagnat,,,,,1.0,,,,,,,,,,
rashes,0.26453261350689045,0.35098234856275445,0.31322756085365816,0.27965802945281293,,1.0,,,0.2506760802478523,,0.2695702226867041,0.4099948848227657,0.2956203226006102,,0.36601435533722837
sipon,,,,,,,1.0,,,,,,,,
ubo,,,,,,,,1.0,,,,,,,
ecq,0.3275076208253738,0.49944810362236497,0.5915798556434577,0.3240328884520969,,0.2506760802478395,,,1.0,,0.318033842956459,0.2968398836189205,0.5390477373880328,,0.35774829598480395
face-shield,,,,,,,,,,1.0,,,,,
Frontliners,0.558012673172626,0.5921458034049231,0.30795339104787106,0.29568913508185657,,0.26957022268666014,,,0.3180338429564613,,1.0,0.46011429531254433,0.5214971035200484,,0.46667165781221315
masks,0.3534342984926705,0.30375980772603417,0.34539633107354006,0.27146335166331803,,0.40999488482277197,,,0.2968398836189223,,0.4601142953125571,1.0,0.2644014051763852,,0.29981634669170626
Quarantine,0.9132615127713926,0.5864182829121343,0.3110814424725901,0.2955895236422133,,0.29562032260060384,,,0.5390477373880346,,0.5214971035200455,0.2644014051763852,1.0,,0.7852727691783354
social-distancing,,,,,,,,,,,,,,1.0,
work-from-home,0.8047173937430814,0.41655798615737427,0.26263988413323097,0.3823434946389172,,0.36601435533722293,,,0.3577482959848082,,0.46667165781221925,0.29981634669171003,0.7852727691783369,,1.0
